param,year,value,unit,source_table,source_cell,note
heating_value_naturgas,,38.03,GJ/1000Nm3,Tabel 1,B6,Nedre braendvaerdi (lower heating value).
heating_value_halm,,14.5,GJ/ton,Tabel 1,B14,Nedre braendvaerdi (lower heating value).
heating_value_skovflis,,10.4,GJ/ton,Tabel 1,B15,Nedre braendvaerdi (lower heating value).
heating_value_traepiller,,17.5,GJ/ton,Tabel 1,B16,Nedre braendvaerdi (lower heating value).
heating_value_affald,,11.7,GJ/ton,Tabel 1,B18,Nedre braendvaerdi (lower heating value).
price_index_2025base,2015,0.8237511338040079,index,Tabel 1,I4,FM nettoprisindeks. Use to put values from different SOEB editions on one price basis.
price_index_2025base,2016,0.8278340096549436,index,Tabel 1,I5,FM nettoprisindeks. Use to put values from different SOEB editions on one price basis.
price_index_2025base,2017,0.8377318905056981,index,Tabel 1,I6,FM nettoprisindeks. Use to put values from different SOEB editions on one price basis.
price_index_2025base,2018,0.8451553011437634,index,Tabel 1,I7,FM nettoprisindeks. Use to put values from different SOEB editions on one price basis.
price_index_2025base,2019,0.8525787117818293,index,Tabel 1,I8,FM nettoprisindeks. Use to put values from different SOEB editions on one price basis.
price_index_2025base,2020,0.8558573848136414,index,Tabel 1,I9,FM nettoprisindeks. Use to put values from different SOEB editions on one price basis.
price_index_2025base,2021,0.8687246299196252,index,Tabel 1,I10,FM nettoprisindeks. Use to put values from different SOEB editions on one price basis.
price_index_2025base,2022,0.934879591055853,index,Tabel 1,I11,FM nettoprisindeks. Use to put values from different SOEB editions on one price basis.
price_index_2025base,2023,0.9730235493844458,index,Tabel 1,I12,FM nettoprisindeks. Use to put values from different SOEB editions on one price basis.
price_index_2025base,2024,0.981845636932211,index,Tabel 1,I13,FM nettoprisindeks. Use to put values from different SOEB editions on one price basis.
price_index_2025base,2025,1,index,Tabel 1,I14,FM nettoprisindeks. Use to put values from different SOEB editions on one price basis.
price_index_2025base,2026,1.0197658503988614,index,Tabel 1,I15,FM nettoprisindeks. Use to put values from different SOEB editions on one price basis.
price_index_2025base,2027,1.039294212556618,index,Tabel 1,I16,FM nettoprisindeks. Use to put values from different SOEB editions on one price basis.
price_index_2025base,2028,1.0595293031134254,index,Tabel 1,I17,FM nettoprisindeks. Use to put values from different SOEB editions on one price basis.
price_index_2025base,2029,1.0792036635783198,index,Tabel 1,I18,FM nettoprisindeks. Use to put values from different SOEB editions on one price basis.
price_index_2025base,2030,1.099448475146038,index,Tabel 1,I19,FM nettoprisindeks. Use to put values from different SOEB editions on one price basis.
price_index_2025base,2031,1.1199588567464824,index,Tabel 1,I20,FM nettoprisindeks. Use to put values from different SOEB editions on one price basis.
price_index_2025base,2032,1.1403184867397442,index,Tabel 1,I21,FM nettoprisindeks. Use to put values from different SOEB editions on one price basis.
price_index_2025base,2033,1.1610536602353672,index,Tabel 1,I22,FM nettoprisindeks. Use to put values from different SOEB editions on one price basis.
price_index_2025base,2034,1.182112776147592,index,Tabel 1,I23,FM nettoprisindeks. Use to put values from different SOEB editions on one price basis.
price_index_2025base,2035,1.2035016101302134,index,Tabel 1,I24,FM nettoprisindeks. Use to put values from different SOEB editions on one price basis.
price_index_2025base,2036,1.225249037956727,index,Tabel 1,I25,FM nettoprisindeks. Use to put values from different SOEB editions on one price basis.
price_index_2025base,2037,1.2475666381207584,index,Tabel 1,I26,FM nettoprisindeks. Use to put values from different SOEB editions on one price basis.
price_index_2025base,2038,1.2701736860158495,index,Tabel 1,I27,FM nettoprisindeks. Use to put values from different SOEB editions on one price basis.
price_index_2025base,2039,1.2931761316277992,index,Tabel 1,I28,FM nettoprisindeks. Use to put values from different SOEB editions on one price basis.
price_index_2025base,2040,1.3164802520144578,index,Tabel 1,I29,FM nettoprisindeks. Use to put values from different SOEB editions on one price basis.
price_index_2025base,2041,1.3401611067213446,index,Tabel 1,I30,FM nettoprisindeks. Use to put values from different SOEB editions on one price basis.
price_index_2025base,2042,1.364672037005042,index,Tabel 1,I31,FM nettoprisindeks. Use to put values from different SOEB editions on one price basis.
price_index_2025base,2043,1.389564187597526,index,Tabel 1,I32,FM nettoprisindeks. Use to put values from different SOEB editions on one price basis.
price_index_2025base,2044,1.4147277354394898,index,Tabel 1,I33,FM nettoprisindeks. Use to put values from different SOEB editions on one price basis.
price_index_2025base,2045,1.4402272552818678,index,Tabel 1,I34,FM nettoprisindeks. Use to put values from different SOEB editions on one price basis.
price_index_2025base,2046,1.4662028567824132,index,Tabel 1,I35,FM nettoprisindeks. Use to put values from different SOEB editions on one price basis.
price_index_2025base,2047,1.4927294045026822,index,Tabel 1,I36,FM nettoprisindeks. Use to put values from different SOEB editions on one price basis.
price_index_2025base,2048,1.5196355733308042,index,Tabel 1,I37,FM nettoprisindeks. Use to put values from different SOEB editions on one price basis.
price_index_2025base,2049,1.5469551790492801,index,Tabel 1,I38,FM nettoprisindeks. Use to put values from different SOEB editions on one price basis.
price_index_2025base,2050,1.57467030630787,index,Tabel 1,I39,FM nettoprisindeks. Use to put values from different SOEB editions on one price basis.
fuel_price_halm_an_kraftvaerk,2025,64.1,DKK2025/GJ,Tabel 2,E5,"Faktorpris, excl. taxes/subsidies/VAT. An kraftvaerk = central CHP. An vaerk = decentral CHP / DH plant."
fuel_price_traeflis_an_kraftvaerk,2025,75.3,DKK2025/GJ,Tabel 2,F5,"Faktorpris, excl. taxes/subsidies/VAT. An kraftvaerk = central CHP. An vaerk = decentral CHP / DH plant."
fuel_price_traepiller_industri_an_kraftvaerk,2025,85.2,DKK2025/GJ,Tabel 2,G5,"Faktorpris, excl. taxes/subsidies/VAT. An kraftvaerk = central CHP. An vaerk = decentral CHP / DH plant."
fuel_price_halm_an_vaerk,2025,59.6,DKK2025/GJ,Tabel 2,I5,"Faktorpris, excl. taxes/subsidies/VAT. An kraftvaerk = central CHP. An vaerk = decentral CHP / DH plant."
fuel_price_traeflis_an_vaerk,2025,70.1,DKK2025/GJ,Tabel 2,J5,"Faktorpris, excl. taxes/subsidies/VAT. An kraftvaerk = central CHP. An vaerk = decentral CHP / DH plant."
fuel_price_traepiller_industri_an_vaerk,2025,90.6,DKK2025/GJ,Tabel 2,K5,"Faktorpris, excl. taxes/subsidies/VAT. An kraftvaerk = central CHP. An vaerk = decentral CHP / DH plant."
fuel_price_halm_an_kraftvaerk,2026,62,DKK2025/GJ,Tabel 2,E6,"Faktorpris, excl. taxes/subsidies/VAT. An kraftvaerk = central CHP. An vaerk = decentral CHP / DH plant."
fuel_price_traeflis_an_kraftvaerk,2026,72.8,DKK2025/GJ,Tabel 2,F6,"Faktorpris, excl. taxes/subsidies/VAT. An kraftvaerk = central CHP. An vaerk = decentral CHP / DH plant."
fuel_price_traepiller_industri_an_kraftvaerk,2026,85.9,DKK2025/GJ,Tabel 2,G6,"Faktorpris, excl. taxes/subsidies/VAT. An kraftvaerk = central CHP. An vaerk = decentral CHP / DH plant."
fuel_price_halm_an_vaerk,2026,57.7,DKK2025/GJ,Tabel 2,I6,"Faktorpris, excl. taxes/subsidies/VAT. An kraftvaerk = central CHP. An vaerk = decentral CHP / DH plant."
fuel_price_traeflis_an_vaerk,2026,67.8,DKK2025/GJ,Tabel 2,J6,"Faktorpris, excl. taxes/subsidies/VAT. An kraftvaerk = central CHP. An vaerk = decentral CHP / DH plant."
fuel_price_traepiller_industri_an_vaerk,2026,91.2,DKK2025/GJ,Tabel 2,K6,"Faktorpris, excl. taxes/subsidies/VAT. An kraftvaerk = central CHP. An vaerk = decentral CHP / DH plant."
fuel_price_halm_an_kraftvaerk,2027,56.5,DKK2025/GJ,Tabel 2,E7,"Faktorpris, excl. taxes/subsidies/VAT. An kraftvaerk = central CHP. An vaerk = decentral CHP / DH plant."
fuel_price_traeflis_an_kraftvaerk,2027,66.5,DKK2025/GJ,Tabel 2,F7,"Faktorpris, excl. taxes/subsidies/VAT. An kraftvaerk = central CHP. An vaerk = decentral CHP / DH plant."
fuel_price_traepiller_industri_an_kraftvaerk,2027,82.1,DKK2025/GJ,Tabel 2,G7,"Faktorpris, excl. taxes/subsidies/VAT. An kraftvaerk = central CHP. An vaerk = decentral CHP / DH plant."
fuel_price_halm_an_vaerk,2027,52.6,DKK2025/GJ,Tabel 2,I7,"Faktorpris, excl. taxes/subsidies/VAT. An kraftvaerk = central CHP. An vaerk = decentral CHP / DH plant."
fuel_price_traeflis_an_vaerk,2027,61.9,DKK2025/GJ,Tabel 2,J7,"Faktorpris, excl. taxes/subsidies/VAT. An kraftvaerk = central CHP. An vaerk = decentral CHP / DH plant."
fuel_price_traepiller_industri_an_vaerk,2027,87.4,DKK2025/GJ,Tabel 2,K7,"Faktorpris, excl. taxes/subsidies/VAT. An kraftvaerk = central CHP. An vaerk = decentral CHP / DH plant."
fuel_price_halm_an_kraftvaerk,2028,56.6,DKK2025/GJ,Tabel 2,E8,"Faktorpris, excl. taxes/subsidies/VAT. An kraftvaerk = central CHP. An vaerk = decentral CHP / DH plant."
fuel_price_traeflis_an_kraftvaerk,2028,66.6,DKK2025/GJ,Tabel 2,F8,"Faktorpris, excl. taxes/subsidies/VAT. An kraftvaerk = central CHP. An vaerk = decentral CHP / DH plant."
fuel_price_traepiller_industri_an_kraftvaerk,2028,82.1,DKK2025/GJ,Tabel 2,G8,"Faktorpris, excl. taxes/subsidies/VAT. An kraftvaerk = central CHP. An vaerk = decentral CHP / DH plant."
fuel_price_halm_an_vaerk,2028,52.7,DKK2025/GJ,Tabel 2,I8,"Faktorpris, excl. taxes/subsidies/VAT. An kraftvaerk = central CHP. An vaerk = decentral CHP / DH plant."
fuel_price_traeflis_an_vaerk,2028,62,DKK2025/GJ,Tabel 2,J8,"Faktorpris, excl. taxes/subsidies/VAT. An kraftvaerk = central CHP. An vaerk = decentral CHP / DH plant."
fuel_price_traepiller_industri_an_vaerk,2028,87.4,DKK2025/GJ,Tabel 2,K8,"Faktorpris, excl. taxes/subsidies/VAT. An kraftvaerk = central CHP. An vaerk = decentral CHP / DH plant."
fuel_price_halm_an_kraftvaerk,2029,56.7,DKK2025/GJ,Tabel 2,E9,"Faktorpris, excl. taxes/subsidies/VAT. An kraftvaerk = central CHP. An vaerk = decentral CHP / DH plant."
fuel_price_traeflis_an_kraftvaerk,2029,66.7,DKK2025/GJ,Tabel 2,F9,"Faktorpris, excl. taxes/subsidies/VAT. An kraftvaerk = central CHP. An vaerk = decentral CHP / DH plant."
fuel_price_traepiller_industri_an_kraftvaerk,2029,82.1,DKK2025/GJ,Tabel 2,G9,"Faktorpris, excl. taxes/subsidies/VAT. An kraftvaerk = central CHP. An vaerk = decentral CHP / DH plant."
fuel_price_halm_an_vaerk,2029,52.7,DKK2025/GJ,Tabel 2,I9,"Faktorpris, excl. taxes/subsidies/VAT. An kraftvaerk = central CHP. An vaerk = decentral CHP / DH plant."
fuel_price_traeflis_an_vaerk,2029,62.1,DKK2025/GJ,Tabel 2,J9,"Faktorpris, excl. taxes/subsidies/VAT. An kraftvaerk = central CHP. An vaerk = decentral CHP / DH plant."
fuel_price_traepiller_industri_an_vaerk,2029,87.4,DKK2025/GJ,Tabel 2,K9,"Faktorpris, excl. taxes/subsidies/VAT. An kraftvaerk = central CHP. An vaerk = decentral CHP / DH plant."
fuel_price_halm_an_kraftvaerk,2030,56.8,DKK2025/GJ,Tabel 2,E10,"Faktorpris, excl. taxes/subsidies/VAT. An kraftvaerk = central CHP. An vaerk = decentral CHP / DH plant."
fuel_price_traeflis_an_kraftvaerk,2030,66.8,DKK2025/GJ,Tabel 2,F10,"Faktorpris, excl. taxes/subsidies/VAT. An kraftvaerk = central CHP. An vaerk = decentral CHP / DH plant."
fuel_price_traepiller_industri_an_kraftvaerk,2030,82.1,DKK2025/GJ,Tabel 2,G10,"Faktorpris, excl. taxes/subsidies/VAT. An kraftvaerk = central CHP. An vaerk = decentral CHP / DH plant."
fuel_price_halm_an_vaerk,2030,52.8,DKK2025/GJ,Tabel 2,I10,"Faktorpris, excl. taxes/subsidies/VAT. An kraftvaerk = central CHP. An vaerk = decentral CHP / DH plant."
fuel_price_traeflis_an_vaerk,2030,62.1,DKK2025/GJ,Tabel 2,J10,"Faktorpris, excl. taxes/subsidies/VAT. An kraftvaerk = central CHP. An vaerk = decentral CHP / DH plant."
fuel_price_traepiller_industri_an_vaerk,2030,87.4,DKK2025/GJ,Tabel 2,K10,"Faktorpris, excl. taxes/subsidies/VAT. An kraftvaerk = central CHP. An vaerk = decentral CHP / DH plant."
fuel_price_halm_an_kraftvaerk,2031,57,DKK2025/GJ,Tabel 2,E11,"Faktorpris, excl. taxes/subsidies/VAT. An kraftvaerk = central CHP. An vaerk = decentral CHP / DH plant."
fuel_price_traeflis_an_kraftvaerk,2031,67,DKK2025/GJ,Tabel 2,F11,"Faktorpris, excl. taxes/subsidies/VAT. An kraftvaerk = central CHP. An vaerk = decentral CHP / DH plant."
fuel_price_traepiller_industri_an_kraftvaerk,2031,82.2,DKK2025/GJ,Tabel 2,G11,"Faktorpris, excl. taxes/subsidies/VAT. An kraftvaerk = central CHP. An vaerk = decentral CHP / DH plant."
fuel_price_halm_an_vaerk,2031,53,DKK2025/GJ,Tabel 2,I11,"Faktorpris, excl. taxes/subsidies/VAT. An kraftvaerk = central CHP. An vaerk = decentral CHP / DH plant."
fuel_price_traeflis_an_vaerk,2031,62.4,DKK2025/GJ,Tabel 2,J11,"Faktorpris, excl. taxes/subsidies/VAT. An kraftvaerk = central CHP. An vaerk = decentral CHP / DH plant."
fuel_price_traepiller_industri_an_vaerk,2031,87.5,DKK2025/GJ,Tabel 2,K11,"Faktorpris, excl. taxes/subsidies/VAT. An kraftvaerk = central CHP. An vaerk = decentral CHP / DH plant."
fuel_price_halm_an_kraftvaerk,2032,57.1,DKK2025/GJ,Tabel 2,E12,"Faktorpris, excl. taxes/subsidies/VAT. An kraftvaerk = central CHP. An vaerk = decentral CHP / DH plant."
fuel_price_traeflis_an_kraftvaerk,2032,67.2,DKK2025/GJ,Tabel 2,F12,"Faktorpris, excl. taxes/subsidies/VAT. An kraftvaerk = central CHP. An vaerk = decentral CHP / DH plant."
fuel_price_traepiller_industri_an_kraftvaerk,2032,82.3,DKK2025/GJ,Tabel 2,G12,"Faktorpris, excl. taxes/subsidies/VAT. An kraftvaerk = central CHP. An vaerk = decentral CHP / DH plant."
fuel_price_halm_an_vaerk,2032,53.2,DKK2025/GJ,Tabel 2,I12,"Faktorpris, excl. taxes/subsidies/VAT. An kraftvaerk = central CHP. An vaerk = decentral CHP / DH plant."
fuel_price_traeflis_an_vaerk,2032,62.5,DKK2025/GJ,Tabel 2,J12,"Faktorpris, excl. taxes/subsidies/VAT. An kraftvaerk = central CHP. An vaerk = decentral CHP / DH plant."
fuel_price_traepiller_industri_an_vaerk,2032,87.6,DKK2025/GJ,Tabel 2,K12,"Faktorpris, excl. taxes/subsidies/VAT. An kraftvaerk = central CHP. An vaerk = decentral CHP / DH plant."
fuel_price_halm_an_kraftvaerk,2033,57.3,DKK2025/GJ,Tabel 2,E13,"Faktorpris, excl. taxes/subsidies/VAT. An kraftvaerk = central CHP. An vaerk = decentral CHP / DH plant."
fuel_price_traeflis_an_kraftvaerk,2033,67.4,DKK2025/GJ,Tabel 2,F13,"Faktorpris, excl. taxes/subsidies/VAT. An kraftvaerk = central CHP. An vaerk = decentral CHP / DH plant."
fuel_price_traepiller_industri_an_kraftvaerk,2033,82.3,DKK2025/GJ,Tabel 2,G13,"Faktorpris, excl. taxes/subsidies/VAT. An kraftvaerk = central CHP. An vaerk = decentral CHP / DH plant."
fuel_price_halm_an_vaerk,2033,53.3,DKK2025/GJ,Tabel 2,I13,"Faktorpris, excl. taxes/subsidies/VAT. An kraftvaerk = central CHP. An vaerk = decentral CHP / DH plant."
fuel_price_traeflis_an_vaerk,2033,62.7,DKK2025/GJ,Tabel 2,J13,"Faktorpris, excl. taxes/subsidies/VAT. An kraftvaerk = central CHP. An vaerk = decentral CHP / DH plant."
fuel_price_traepiller_industri_an_vaerk,2033,87.6,DKK2025/GJ,Tabel 2,K13,"Faktorpris, excl. taxes/subsidies/VAT. An kraftvaerk = central CHP. An vaerk = decentral CHP / DH plant."
fuel_price_halm_an_kraftvaerk,2034,57.5,DKK2025/GJ,Tabel 2,E14,"Faktorpris, excl. taxes/subsidies/VAT. An kraftvaerk = central CHP. An vaerk = decentral CHP / DH plant."
fuel_price_traeflis_an_kraftvaerk,2034,67.6,DKK2025/GJ,Tabel 2,F14,"Faktorpris, excl. taxes/subsidies/VAT. An kraftvaerk = central CHP. An vaerk = decentral CHP / DH plant."
fuel_price_traepiller_industri_an_kraftvaerk,2034,82.3,DKK2025/GJ,Tabel 2,G14,"Faktorpris, excl. taxes/subsidies/VAT. An kraftvaerk = central CHP. An vaerk = decentral CHP / DH plant."
fuel_price_halm_an_vaerk,2034,53.5,DKK2025/GJ,Tabel 2,I14,"Faktorpris, excl. taxes/subsidies/VAT. An kraftvaerk = central CHP. An vaerk = decentral CHP / DH plant."
fuel_price_traeflis_an_vaerk,2034,62.9,DKK2025/GJ,Tabel 2,J14,"Faktorpris, excl. taxes/subsidies/VAT. An kraftvaerk = central CHP. An vaerk = decentral CHP / DH plant."
fuel_price_traepiller_industri_an_vaerk,2034,87.6,DKK2025/GJ,Tabel 2,K14,"Faktorpris, excl. taxes/subsidies/VAT. An kraftvaerk = central CHP. An vaerk = decentral CHP / DH plant."
fuel_price_halm_an_kraftvaerk,2035,57.6,DKK2025/GJ,Tabel 2,E15,"Faktorpris, excl. taxes/subsidies/VAT. An kraftvaerk = central CHP. An vaerk = decentral CHP / DH plant."
fuel_price_traeflis_an_kraftvaerk,2035,67.7,DKK2025/GJ,Tabel 2,F15,"Faktorpris, excl. taxes/subsidies/VAT. An kraftvaerk = central CHP. An vaerk = decentral CHP / DH plant."
fuel_price_traepiller_industri_an_kraftvaerk,2035,82.4,DKK2025/GJ,Tabel 2,G15,"Faktorpris, excl. taxes/subsidies/VAT. An kraftvaerk = central CHP. An vaerk = decentral CHP / DH plant."
fuel_price_halm_an_vaerk,2035,53.6,DKK2025/GJ,Tabel 2,I15,"Faktorpris, excl. taxes/subsidies/VAT. An kraftvaerk = central CHP. An vaerk = decentral CHP / DH plant."
fuel_price_traeflis_an_vaerk,2035,63,DKK2025/GJ,Tabel 2,J15,"Faktorpris, excl. taxes/subsidies/VAT. An kraftvaerk = central CHP. An vaerk = decentral CHP / DH plant."
fuel_price_traepiller_industri_an_vaerk,2035,87.6,DKK2025/GJ,Tabel 2,K15,"Faktorpris, excl. taxes/subsidies/VAT. An kraftvaerk = central CHP. An vaerk = decentral CHP / DH plant."
fuel_price_halm_an_kraftvaerk,2036,57.8,DKK2025/GJ,Tabel 2,E16,"Faktorpris, excl. taxes/subsidies/VAT. An kraftvaerk = central CHP. An vaerk = decentral CHP / DH plant."
fuel_price_traeflis_an_kraftvaerk,2036,67.9,DKK2025/GJ,Tabel 2,F16,"Faktorpris, excl. taxes/subsidies/VAT. An kraftvaerk = central CHP. An vaerk = decentral CHP / DH plant."
fuel_price_traepiller_industri_an_kraftvaerk,2036,82.4,DKK2025/GJ,Tabel 2,G16,"Faktorpris, excl. taxes/subsidies/VAT. An kraftvaerk = central CHP. An vaerk = decentral CHP / DH plant."
fuel_price_halm_an_vaerk,2036,53.7,DKK2025/GJ,Tabel 2,I16,"Faktorpris, excl. taxes/subsidies/VAT. An kraftvaerk = central CHP. An vaerk = decentral CHP / DH plant."
fuel_price_traeflis_an_vaerk,2036,63.2,DKK2025/GJ,Tabel 2,J16,"Faktorpris, excl. taxes/subsidies/VAT. An kraftvaerk = central CHP. An vaerk = decentral CHP / DH plant."
fuel_price_traepiller_industri_an_vaerk,2036,87.7,DKK2025/GJ,Tabel 2,K16,"Faktorpris, excl. taxes/subsidies/VAT. An kraftvaerk = central CHP. An vaerk = decentral CHP / DH plant."
fuel_price_halm_an_kraftvaerk,2037,57.9,DKK2025/GJ,Tabel 2,E17,"Faktorpris, excl. taxes/subsidies/VAT. An kraftvaerk = central CHP. An vaerk = decentral CHP / DH plant."
fuel_price_traeflis_an_kraftvaerk,2037,68.1,DKK2025/GJ,Tabel 2,F17,"Faktorpris, excl. taxes/subsidies/VAT. An kraftvaerk = central CHP. An vaerk = decentral CHP / DH plant."
fuel_price_traepiller_industri_an_kraftvaerk,2037,82.4,DKK2025/GJ,Tabel 2,G17,"Faktorpris, excl. taxes/subsidies/VAT. An kraftvaerk = central CHP. An vaerk = decentral CHP / DH plant."
fuel_price_halm_an_vaerk,2037,53.9,DKK2025/GJ,Tabel 2,I17,"Faktorpris, excl. taxes/subsidies/VAT. An kraftvaerk = central CHP. An vaerk = decentral CHP / DH plant."
fuel_price_traeflis_an_vaerk,2037,63.4,DKK2025/GJ,Tabel 2,J17,"Faktorpris, excl. taxes/subsidies/VAT. An kraftvaerk = central CHP. An vaerk = decentral CHP / DH plant."
fuel_price_traepiller_industri_an_vaerk,2037,87.7,DKK2025/GJ,Tabel 2,K17,"Faktorpris, excl. taxes/subsidies/VAT. An kraftvaerk = central CHP. An vaerk = decentral CHP / DH plant."
fuel_price_halm_an_kraftvaerk,2038,58.1,DKK2025/GJ,Tabel 2,E18,"Faktorpris, excl. taxes/subsidies/VAT. An kraftvaerk = central CHP. An vaerk = decentral CHP / DH plant."
fuel_price_traeflis_an_kraftvaerk,2038,68.3,DKK2025/GJ,Tabel 2,F18,"Faktorpris, excl. taxes/subsidies/VAT. An kraftvaerk = central CHP. An vaerk = decentral CHP / DH plant."
fuel_price_traepiller_industri_an_kraftvaerk,2038,82.4,DKK2025/GJ,Tabel 2,G18,"Faktorpris, excl. taxes/subsidies/VAT. An kraftvaerk = central CHP. An vaerk = decentral CHP / DH plant."
fuel_price_halm_an_vaerk,2038,54,DKK2025/GJ,Tabel 2,I18,"Faktorpris, excl. taxes/subsidies/VAT. An kraftvaerk = central CHP. An vaerk = decentral CHP / DH plant."
fuel_price_traeflis_an_vaerk,2038,63.5,DKK2025/GJ,Tabel 2,J18,"Faktorpris, excl. taxes/subsidies/VAT. An kraftvaerk = central CHP. An vaerk = decentral CHP / DH plant."
fuel_price_traepiller_industri_an_vaerk,2038,87.7,DKK2025/GJ,Tabel 2,K18,"Faktorpris, excl. taxes/subsidies/VAT. An kraftvaerk = central CHP. An vaerk = decentral CHP / DH plant."
fuel_price_halm_an_kraftvaerk,2039,58.2,DKK2025/GJ,Tabel 2,E19,"Faktorpris, excl. taxes/subsidies/VAT. An kraftvaerk = central CHP. An vaerk = decentral CHP / DH plant."
fuel_price_traeflis_an_kraftvaerk,2039,68.4,DKK2025/GJ,Tabel 2,F19,"Faktorpris, excl. taxes/subsidies/VAT. An kraftvaerk = central CHP. An vaerk = decentral CHP / DH plant."
fuel_price_traepiller_industri_an_kraftvaerk,2039,82.4,DKK2025/GJ,Tabel 2,G19,"Faktorpris, excl. taxes/subsidies/VAT. An kraftvaerk = central CHP. An vaerk = decentral CHP / DH plant."
fuel_price_halm_an_vaerk,2039,54.2,DKK2025/GJ,Tabel 2,I19,"Faktorpris, excl. taxes/subsidies/VAT. An kraftvaerk = central CHP. An vaerk = decentral CHP / DH plant."
fuel_price_traeflis_an_vaerk,2039,63.7,DKK2025/GJ,Tabel 2,J19,"Faktorpris, excl. taxes/subsidies/VAT. An kraftvaerk = central CHP. An vaerk = decentral CHP / DH plant."
fuel_price_traepiller_industri_an_vaerk,2039,87.7,DKK2025/GJ,Tabel 2,K19,"Faktorpris, excl. taxes/subsidies/VAT. An kraftvaerk = central CHP. An vaerk = decentral CHP / DH plant."
fuel_price_halm_an_kraftvaerk,2040,58.4,DKK2025/GJ,Tabel 2,E20,"Faktorpris, excl. taxes/subsidies/VAT. An kraftvaerk = central CHP. An vaerk = decentral CHP / DH plant."
fuel_price_traeflis_an_kraftvaerk,2040,68.6,DKK2025/GJ,Tabel 2,F20,"Faktorpris, excl. taxes/subsidies/VAT. An kraftvaerk = central CHP. An vaerk = decentral CHP / DH plant."
fuel_price_traepiller_industri_an_kraftvaerk,2040,82.5,DKK2025/GJ,Tabel 2,G20,"Faktorpris, excl. taxes/subsidies/VAT. An kraftvaerk = central CHP. An vaerk = decentral CHP / DH plant."
fuel_price_halm_an_vaerk,2040,54.3,DKK2025/GJ,Tabel 2,I20,"Faktorpris, excl. taxes/subsidies/VAT. An kraftvaerk = central CHP. An vaerk = decentral CHP / DH plant."
fuel_price_traeflis_an_vaerk,2040,63.9,DKK2025/GJ,Tabel 2,J20,"Faktorpris, excl. taxes/subsidies/VAT. An kraftvaerk = central CHP. An vaerk = decentral CHP / DH plant."
fuel_price_traepiller_industri_an_vaerk,2040,87.7,DKK2025/GJ,Tabel 2,K20,"Faktorpris, excl. taxes/subsidies/VAT. An kraftvaerk = central CHP. An vaerk = decentral CHP / DH plant."
fuel_price_halm_an_kraftvaerk,2041,58.5,DKK2025/GJ,Tabel 2,E21,"Faktorpris, excl. taxes/subsidies/VAT. An kraftvaerk = central CHP. An vaerk = decentral CHP / DH plant."
fuel_price_traeflis_an_kraftvaerk,2041,68.8,DKK2025/GJ,Tabel 2,F21,"Faktorpris, excl. taxes/subsidies/VAT. An kraftvaerk = central CHP. An vaerk = decentral CHP / DH plant."
fuel_price_traepiller_industri_an_kraftvaerk,2041,82.5,DKK2025/GJ,Tabel 2,G21,"Faktorpris, excl. taxes/subsidies/VAT. An kraftvaerk = central CHP. An vaerk = decentral CHP / DH plant."
fuel_price_halm_an_vaerk,2041,54.5,DKK2025/GJ,Tabel 2,I21,"Faktorpris, excl. taxes/subsidies/VAT. An kraftvaerk = central CHP. An vaerk = decentral CHP / DH plant."
fuel_price_traeflis_an_vaerk,2041,64.1,DKK2025/GJ,Tabel 2,J21,"Faktorpris, excl. taxes/subsidies/VAT. An kraftvaerk = central CHP. An vaerk = decentral CHP / DH plant."
fuel_price_traepiller_industri_an_vaerk,2041,87.8,DKK2025/GJ,Tabel 2,K21,"Faktorpris, excl. taxes/subsidies/VAT. An kraftvaerk = central CHP. An vaerk = decentral CHP / DH plant."
fuel_price_halm_an_kraftvaerk,2042,58.7,DKK2025/GJ,Tabel 2,E22,"Faktorpris, excl. taxes/subsidies/VAT. An kraftvaerk = central CHP. An vaerk = decentral CHP / DH plant."
fuel_price_traeflis_an_kraftvaerk,2042,69,DKK2025/GJ,Tabel 2,F22,"Faktorpris, excl. taxes/subsidies/VAT. An kraftvaerk = central CHP. An vaerk = decentral CHP / DH plant."
fuel_price_traepiller_industri_an_kraftvaerk,2042,82.6,DKK2025/GJ,Tabel 2,G22,"Faktorpris, excl. taxes/subsidies/VAT. An kraftvaerk = central CHP. An vaerk = decentral CHP / DH plant."
fuel_price_halm_an_vaerk,2042,54.6,DKK2025/GJ,Tabel 2,I22,"Faktorpris, excl. taxes/subsidies/VAT. An kraftvaerk = central CHP. An vaerk = decentral CHP / DH plant."
fuel_price_traeflis_an_vaerk,2042,64.2,DKK2025/GJ,Tabel 2,J22,"Faktorpris, excl. taxes/subsidies/VAT. An kraftvaerk = central CHP. An vaerk = decentral CHP / DH plant."
fuel_price_traepiller_industri_an_vaerk,2042,87.8,DKK2025/GJ,Tabel 2,K22,"Faktorpris, excl. taxes/subsidies/VAT. An kraftvaerk = central CHP. An vaerk = decentral CHP / DH plant."
fuel_price_halm_an_kraftvaerk,2043,58.9,DKK2025/GJ,Tabel 2,E23,"Faktorpris, excl. taxes/subsidies/VAT. An kraftvaerk = central CHP. An vaerk = decentral CHP / DH plant."
fuel_price_traeflis_an_kraftvaerk,2043,69.2,DKK2025/GJ,Tabel 2,F23,"Faktorpris, excl. taxes/subsidies/VAT. An kraftvaerk = central CHP. An vaerk = decentral CHP / DH plant."
fuel_price_traepiller_industri_an_kraftvaerk,2043,82.6,DKK2025/GJ,Tabel 2,G23,"Faktorpris, excl. taxes/subsidies/VAT. An kraftvaerk = central CHP. An vaerk = decentral CHP / DH plant."
fuel_price_halm_an_vaerk,2043,54.8,DKK2025/GJ,Tabel 2,I23,"Faktorpris, excl. taxes/subsidies/VAT. An kraftvaerk = central CHP. An vaerk = decentral CHP / DH plant."
fuel_price_traeflis_an_vaerk,2043,64.4,DKK2025/GJ,Tabel 2,J23,"Faktorpris, excl. taxes/subsidies/VAT. An kraftvaerk = central CHP. An vaerk = decentral CHP / DH plant."
fuel_price_traepiller_industri_an_vaerk,2043,87.9,DKK2025/GJ,Tabel 2,K23,"Faktorpris, excl. taxes/subsidies/VAT. An kraftvaerk = central CHP. An vaerk = decentral CHP / DH plant."
fuel_price_halm_an_kraftvaerk,2044,59.1,DKK2025/GJ,Tabel 2,E24,"Faktorpris, excl. taxes/subsidies/VAT. An kraftvaerk = central CHP. An vaerk = decentral CHP / DH plant."
fuel_price_traeflis_an_kraftvaerk,2044,69.4,DKK2025/GJ,Tabel 2,F24,"Faktorpris, excl. taxes/subsidies/VAT. An kraftvaerk = central CHP. An vaerk = decentral CHP / DH plant."
fuel_price_traepiller_industri_an_kraftvaerk,2044,82.7,DKK2025/GJ,Tabel 2,G24,"Faktorpris, excl. taxes/subsidies/VAT. An kraftvaerk = central CHP. An vaerk = decentral CHP / DH plant."
fuel_price_halm_an_vaerk,2044,54.9,DKK2025/GJ,Tabel 2,I24,"Faktorpris, excl. taxes/subsidies/VAT. An kraftvaerk = central CHP. An vaerk = decentral CHP / DH plant."
fuel_price_traeflis_an_vaerk,2044,64.6,DKK2025/GJ,Tabel 2,J24,"Faktorpris, excl. taxes/subsidies/VAT. An kraftvaerk = central CHP. An vaerk = decentral CHP / DH plant."
fuel_price_traepiller_industri_an_vaerk,2044,87.9,DKK2025/GJ,Tabel 2,K24,"Faktorpris, excl. taxes/subsidies/VAT. An kraftvaerk = central CHP. An vaerk = decentral CHP / DH plant."
fuel_price_halm_an_kraftvaerk,2045,59.2,DKK2025/GJ,Tabel 2,E25,"Faktorpris, excl. taxes/subsidies/VAT. An kraftvaerk = central CHP. An vaerk = decentral CHP / DH plant."
fuel_price_traeflis_an_kraftvaerk,2045,69.6,DKK2025/GJ,Tabel 2,F25,"Faktorpris, excl. taxes/subsidies/VAT. An kraftvaerk = central CHP. An vaerk = decentral CHP / DH plant."
fuel_price_traepiller_industri_an_kraftvaerk,2045,82.7,DKK2025/GJ,Tabel 2,G25,"Faktorpris, excl. taxes/subsidies/VAT. An kraftvaerk = central CHP. An vaerk = decentral CHP / DH plant."
fuel_price_halm_an_vaerk,2045,55.1,DKK2025/GJ,Tabel 2,I25,"Faktorpris, excl. taxes/subsidies/VAT. An kraftvaerk = central CHP. An vaerk = decentral CHP / DH plant."
fuel_price_traeflis_an_vaerk,2045,64.8,DKK2025/GJ,Tabel 2,J25,"Faktorpris, excl. taxes/subsidies/VAT. An kraftvaerk = central CHP. An vaerk = decentral CHP / DH plant."
fuel_price_traepiller_industri_an_vaerk,2045,88,DKK2025/GJ,Tabel 2,K25,"Faktorpris, excl. taxes/subsidies/VAT. An kraftvaerk = central CHP. An vaerk = decentral CHP / DH plant."
fuel_price_halm_an_kraftvaerk,2046,59.5,DKK2025/GJ,Tabel 2,E26,"Faktorpris, excl. taxes/subsidies/VAT. An kraftvaerk = central CHP. An vaerk = decentral CHP / DH plant."
fuel_price_traeflis_an_kraftvaerk,2046,69.9,DKK2025/GJ,Tabel 2,F26,"Faktorpris, excl. taxes/subsidies/VAT. An kraftvaerk = central CHP. An vaerk = decentral CHP / DH plant."
fuel_price_traepiller_industri_an_kraftvaerk,2046,82.8,DKK2025/GJ,Tabel 2,G26,"Faktorpris, excl. taxes/subsidies/VAT. An kraftvaerk = central CHP. An vaerk = decentral CHP / DH plant."
fuel_price_halm_an_vaerk,2046,55.3,DKK2025/GJ,Tabel 2,I26,"Faktorpris, excl. taxes/subsidies/VAT. An kraftvaerk = central CHP. An vaerk = decentral CHP / DH plant."
fuel_price_traeflis_an_vaerk,2046,65.1,DKK2025/GJ,Tabel 2,J26,"Faktorpris, excl. taxes/subsidies/VAT. An kraftvaerk = central CHP. An vaerk = decentral CHP / DH plant."
fuel_price_traepiller_industri_an_vaerk,2046,88.1,DKK2025/GJ,Tabel 2,K26,"Faktorpris, excl. taxes/subsidies/VAT. An kraftvaerk = central CHP. An vaerk = decentral CHP / DH plant."
fuel_price_halm_an_kraftvaerk,2047,59.7,DKK2025/GJ,Tabel 2,E27,"Faktorpris, excl. taxes/subsidies/VAT. An kraftvaerk = central CHP. An vaerk = decentral CHP / DH plant."
fuel_price_traeflis_an_kraftvaerk,2047,70.2,DKK2025/GJ,Tabel 2,F27,"Faktorpris, excl. taxes/subsidies/VAT. An kraftvaerk = central CHP. An vaerk = decentral CHP / DH plant."
fuel_price_traepiller_industri_an_kraftvaerk,2047,82.9,DKK2025/GJ,Tabel 2,G27,"Faktorpris, excl. taxes/subsidies/VAT. An kraftvaerk = central CHP. An vaerk = decentral CHP / DH plant."
fuel_price_halm_an_vaerk,2047,55.5,DKK2025/GJ,Tabel 2,I27,"Faktorpris, excl. taxes/subsidies/VAT. An kraftvaerk = central CHP. An vaerk = decentral CHP / DH plant."
fuel_price_traeflis_an_vaerk,2047,65.3,DKK2025/GJ,Tabel 2,J27,"Faktorpris, excl. taxes/subsidies/VAT. An kraftvaerk = central CHP. An vaerk = decentral CHP / DH plant."
fuel_price_traepiller_industri_an_vaerk,2047,88.2,DKK2025/GJ,Tabel 2,K27,"Faktorpris, excl. taxes/subsidies/VAT. An kraftvaerk = central CHP. An vaerk = decentral CHP / DH plant."
fuel_price_halm_an_kraftvaerk,2048,59.9,DKK2025/GJ,Tabel 2,E28,"Faktorpris, excl. taxes/subsidies/VAT. An kraftvaerk = central CHP. An vaerk = decentral CHP / DH plant."
fuel_price_traeflis_an_kraftvaerk,2048,70.5,DKK2025/GJ,Tabel 2,F28,"Faktorpris, excl. taxes/subsidies/VAT. An kraftvaerk = central CHP. An vaerk = decentral CHP / DH plant."
fuel_price_traepiller_industri_an_kraftvaerk,2048,83,DKK2025/GJ,Tabel 2,G28,"Faktorpris, excl. taxes/subsidies/VAT. An kraftvaerk = central CHP. An vaerk = decentral CHP / DH plant."
fuel_price_halm_an_vaerk,2048,55.8,DKK2025/GJ,Tabel 2,I28,"Faktorpris, excl. taxes/subsidies/VAT. An kraftvaerk = central CHP. An vaerk = decentral CHP / DH plant."
fuel_price_traeflis_an_vaerk,2048,65.6,DKK2025/GJ,Tabel 2,J28,"Faktorpris, excl. taxes/subsidies/VAT. An kraftvaerk = central CHP. An vaerk = decentral CHP / DH plant."
fuel_price_traepiller_industri_an_vaerk,2048,88.3,DKK2025/GJ,Tabel 2,K28,"Faktorpris, excl. taxes/subsidies/VAT. An kraftvaerk = central CHP. An vaerk = decentral CHP / DH plant."
fuel_price_halm_an_kraftvaerk,2049,60.2,DKK2025/GJ,Tabel 2,E29,"Faktorpris, excl. taxes/subsidies/VAT. An kraftvaerk = central CHP. An vaerk = decentral CHP / DH plant."
fuel_price_traeflis_an_kraftvaerk,2049,70.7,DKK2025/GJ,Tabel 2,F29,"Faktorpris, excl. taxes/subsidies/VAT. An kraftvaerk = central CHP. An vaerk = decentral CHP / DH plant."
fuel_price_traepiller_industri_an_kraftvaerk,2049,83.1,DKK2025/GJ,Tabel 2,G29,"Faktorpris, excl. taxes/subsidies/VAT. An kraftvaerk = central CHP. An vaerk = decentral CHP / DH plant."
fuel_price_halm_an_vaerk,2049,56,DKK2025/GJ,Tabel 2,I29,"Faktorpris, excl. taxes/subsidies/VAT. An kraftvaerk = central CHP. An vaerk = decentral CHP / DH plant."
fuel_price_traeflis_an_vaerk,2049,65.8,DKK2025/GJ,Tabel 2,J29,"Faktorpris, excl. taxes/subsidies/VAT. An kraftvaerk = central CHP. An vaerk = decentral CHP / DH plant."
fuel_price_traepiller_industri_an_vaerk,2049,88.4,DKK2025/GJ,Tabel 2,K29,"Faktorpris, excl. taxes/subsidies/VAT. An kraftvaerk = central CHP. An vaerk = decentral CHP / DH plant."
fuel_price_halm_an_kraftvaerk,2050,60.4,DKK2025/GJ,Tabel 2,E30,"Faktorpris, excl. taxes/subsidies/VAT. An kraftvaerk = central CHP. An vaerk = decentral CHP / DH plant."
fuel_price_traeflis_an_kraftvaerk,2050,71,DKK2025/GJ,Tabel 2,F30,"Faktorpris, excl. taxes/subsidies/VAT. An kraftvaerk = central CHP. An vaerk = decentral CHP / DH plant."
fuel_price_traepiller_industri_an_kraftvaerk,2050,83.2,DKK2025/GJ,Tabel 2,G30,"Faktorpris, excl. taxes/subsidies/VAT. An kraftvaerk = central CHP. An vaerk = decentral CHP / DH plant."
fuel_price_halm_an_vaerk,2050,56.2,DKK2025/GJ,Tabel 2,I30,"Faktorpris, excl. taxes/subsidies/VAT. An kraftvaerk = central CHP. An vaerk = decentral CHP / DH plant."
fuel_price_traeflis_an_vaerk,2050,66.1,DKK2025/GJ,Tabel 2,J30,"Faktorpris, excl. taxes/subsidies/VAT. An kraftvaerk = central CHP. An vaerk = decentral CHP / DH plant."
fuel_price_traepiller_industri_an_vaerk,2050,88.5,DKK2025/GJ,Tabel 2,K30,"Faktorpris, excl. taxes/subsidies/VAT. An kraftvaerk = central CHP. An vaerk = decentral CHP / DH plant."
ef_co2_kul,2022,95.1,kg CO2/GJ,Tabel 12,C7,"Kilde DCE. Table note: for biomasse og biogas er anvendt en CO2 emissionsfaktor paa 0 - accounting convention, not physics."
ef_co2_halm,2022,0,kg CO2/GJ,Tabel 12,C9,"Kilde DCE. Table note: for biomasse og biogas er anvendt en CO2 emissionsfaktor paa 0 - accounting convention, not physics."
ef_co2_trae,2022,0,kg CO2/GJ,Tabel 12,C10,"Kilde DCE. Table note: for biomasse og biogas er anvendt en CO2 emissionsfaktor paa 0 - accounting convention, not physics."
ef_co2_traepiller,2022,0,kg CO2/GJ,Tabel 12,C11,"Kilde DCE. Table note: for biomasse og biogas er anvendt en CO2 emissionsfaktor paa 0 - accounting convention, not physics."
ef_co2_affald,2022,42.5,kg CO2/GJ,Tabel 12,C18,"Kilde DCE. Table note: for biomasse og biogas er anvendt en CO2 emissionsfaktor paa 0 - accounting convention, not physics."
ef_co2_ledningsgas,2025,57.1,kg CO2/GJ,Tabel 13,B5,"57.1 for 2025-2031, then 0 from 2032 on marginal-biogas logic. For a 2019-2026 historical study use 57.1."
ef_co2_ledningsgas,2026,57.1,kg CO2/GJ,Tabel 13,B6,"57.1 for 2025-2031, then 0 from 2032 on marginal-biogas logic. For a 2019-2026 historical study use 57.1."
ef_co2_ledningsgas,2027,57.1,kg CO2/GJ,Tabel 13,B7,"57.1 for 2025-2031, then 0 from 2032 on marginal-biogas logic. For a 2019-2026 historical study use 57.1."
ef_co2_ledningsgas,2028,57.1,kg CO2/GJ,Tabel 13,B8,"57.1 for 2025-2031, then 0 from 2032 on marginal-biogas logic. For a 2019-2026 historical study use 57.1."
ef_co2_ledningsgas,2029,57.1,kg CO2/GJ,Tabel 13,B9,"57.1 for 2025-2031, then 0 from 2032 on marginal-biogas logic. For a 2019-2026 historical study use 57.1."
ef_co2_ledningsgas,2030,57.1,kg CO2/GJ,Tabel 13,B10,"57.1 for 2025-2031, then 0 from 2032 on marginal-biogas logic. For a 2019-2026 historical study use 57.1."
ef_co2_ledningsgas,2031,57.1,kg CO2/GJ,Tabel 13,B11,"57.1 for 2025-2031, then 0 from 2032 on marginal-biogas logic. For a 2019-2026 historical study use 57.1."
ef_co2_ledningsgas,2032,0,kg CO2/GJ,Tabel 13,B12,"57.1 for 2025-2031, then 0 from 2032 on marginal-biogas logic. For a 2019-2026 historical study use 57.1."
ef_co2_ledningsgas,2033,0,kg CO2/GJ,Tabel 13,B13,"57.1 for 2025-2031, then 0 from 2032 on marginal-biogas logic. For a 2019-2026 historical study use 57.1."
ef_co2_ledningsgas,2034,0,kg CO2/GJ,Tabel 13,B14,"57.1 for 2025-2031, then 0 from 2032 on marginal-biogas logic. For a 2019-2026 historical study use 57.1."
ef_co2_ledningsgas,2035,0,kg CO2/GJ,Tabel 13,B15,"57.1 for 2025-2031, then 0 from 2032 on marginal-biogas logic. For a 2019-2026 historical study use 57.1."
ef_co2_ledningsgas,2036,0,kg CO2/GJ,Tabel 13,B16,"57.1 for 2025-2031, then 0 from 2032 on marginal-biogas logic. For a 2019-2026 historical study use 57.1."
ef_co2_ledningsgas,2037,0,kg CO2/GJ,Tabel 13,B17,"57.1 for 2025-2031, then 0 from 2032 on marginal-biogas logic. For a 2019-2026 historical study use 57.1."
ef_co2_ledningsgas,2038,0,kg CO2/GJ,Tabel 13,B18,"57.1 for 2025-2031, then 0 from 2032 on marginal-biogas logic. For a 2019-2026 historical study use 57.1."
ef_co2_ledningsgas,2039,0,kg CO2/GJ,Tabel 13,B19,"57.1 for 2025-2031, then 0 from 2032 on marginal-biogas logic. For a 2019-2026 historical study use 57.1."
ef_co2_ledningsgas,2040,0,kg CO2/GJ,Tabel 13,B20,"57.1 for 2025-2031, then 0 from 2032 on marginal-biogas logic. For a 2019-2026 historical study use 57.1."
ef_co2_ledningsgas,2041,0,kg CO2/GJ,Tabel 13,B21,"57.1 for 2025-2031, then 0 from 2032 on marginal-biogas logic. For a 2019-2026 historical study use 57.1."
ef_co2_ledningsgas,2042,0,kg CO2/GJ,Tabel 13,B22,"57.1 for 2025-2031, then 0 from 2032 on marginal-biogas logic. For a 2019-2026 historical study use 57.1."
ef_co2_ledningsgas,2043,0,kg CO2/GJ,Tabel 13,B23,"57.1 for 2025-2031, then 0 from 2032 on marginal-biogas logic. For a 2019-2026 historical study use 57.1."
ef_co2_ledningsgas,2044,0,kg CO2/GJ,Tabel 13,B24,"57.1 for 2025-2031, then 0 from 2032 on marginal-biogas logic. For a 2019-2026 historical study use 57.1."
ef_co2_ledningsgas,2045,0,kg CO2/GJ,Tabel 13,B25,"57.1 for 2025-2031, then 0 from 2032 on marginal-biogas logic. For a 2019-2026 historical study use 57.1."
ef_co2_ledningsgas,2046,0,kg CO2/GJ,Tabel 13,B26,"57.1 for 2025-2031, then 0 from 2032 on marginal-biogas logic. For a 2019-2026 historical study use 57.1."
ef_co2_ledningsgas,2047,0,kg CO2/GJ,Tabel 13,B27,"57.1 for 2025-2031, then 0 from 2032 on marginal-biogas logic. For a 2019-2026 historical study use 57.1."
ef_co2_ledningsgas,2048,0,kg CO2/GJ,Tabel 13,B28,"57.1 for 2025-2031, then 0 from 2032 on marginal-biogas logic. For a 2019-2026 historical study use 57.1."
ef_co2_ledningsgas,2049,0,kg CO2/GJ,Tabel 13,B29,"57.1 for 2025-2031, then 0 from 2032 on marginal-biogas logic. For a 2019-2026 historical study use 57.1."
ef_co2_ledningsgas,2050,0,kg CO2/GJ,Tabel 13,B30,"57.1 for 2025-2031, then 0 from 2032 on marginal-biogas logic. For a 2019-2026 historical study use 57.1."
el_transport_margin_over_70000MWh,2025,189,DKK2025/MWh,Tabel 10,H4,"NOT refundable, unlike elafgift. Candidate explanation for why real DK2 power-to-heat runs at only 1.4% of production."
el_transport_margin_over_70000MWh,2026,167,DKK2025/MWh,Tabel 10,H5,"NOT refundable, unlike elafgift. Candidate explanation for why real DK2 power-to-heat runs at only 1.4% of production."
el_transport_margin_over_70000MWh,2027,164,DKK2025/MWh,Tabel 10,H6,"NOT refundable, unlike elafgift. Candidate explanation for why real DK2 power-to-heat runs at only 1.4% of production."
el_transport_margin_over_70000MWh,2028,162,DKK2025/MWh,Tabel 10,H7,"NOT refundable, unlike elafgift. Candidate explanation for why real DK2 power-to-heat runs at only 1.4% of production."
el_transport_margin_over_70000MWh,2029,160,DKK2025/MWh,Tabel 10,H8,"NOT refundable, unlike elafgift. Candidate explanation for why real DK2 power-to-heat runs at only 1.4% of production."
el_transport_margin_over_70000MWh,2030,160,DKK2025/MWh,Tabel 10,H9,"NOT refundable, unlike elafgift. Candidate explanation for why real DK2 power-to-heat runs at only 1.4% of production."
el_transport_margin_over_70000MWh,2031,160,DKK2025/MWh,Tabel 10,H10,"NOT refundable, unlike elafgift. Candidate explanation for why real DK2 power-to-heat runs at only 1.4% of production."
el_transport_margin_over_70000MWh,2032,160,DKK2025/MWh,Tabel 10,H11,"NOT refundable, unlike elafgift. Candidate explanation for why real DK2 power-to-heat runs at only 1.4% of production."
el_transport_margin_over_70000MWh,2033,159,DKK2025/MWh,Tabel 10,H12,"NOT refundable, unlike elafgift. Candidate explanation for why real DK2 power-to-heat runs at only 1.4% of production."
el_transport_margin_over_70000MWh,2034,159,DKK2025/MWh,Tabel 10,H13,"NOT refundable, unlike elafgift. Candidate explanation for why real DK2 power-to-heat runs at only 1.4% of production."
el_transport_margin_over_70000MWh,2035,159,DKK2025/MWh,Tabel 10,H14,"NOT refundable, unlike elafgift. Candidate explanation for why real DK2 power-to-heat runs at only 1.4% of production."
el_transport_margin_over_70000MWh,2036,159,DKK2025/MWh,Tabel 10,H15,"NOT refundable, unlike elafgift. Candidate explanation for why real DK2 power-to-heat runs at only 1.4% of production."
el_transport_margin_over_70000MWh,2037,159,DKK2025/MWh,Tabel 10,H16,"NOT refundable, unlike elafgift. Candidate explanation for why real DK2 power-to-heat runs at only 1.4% of production."
el_transport_margin_over_70000MWh,2038,159,DKK2025/MWh,Tabel 10,H17,"NOT refundable, unlike elafgift. Candidate explanation for why real DK2 power-to-heat runs at only 1.4% of production."
el_transport_margin_over_70000MWh,2039,159,DKK2025/MWh,Tabel 10,H18,"NOT refundable, unlike elafgift. Candidate explanation for why real DK2 power-to-heat runs at only 1.4% of production."
el_transport_margin_over_70000MWh,2040,159,DKK2025/MWh,Tabel 10,H19,"NOT refundable, unlike elafgift. Candidate explanation for why real DK2 power-to-heat runs at only 1.4% of production."
el_transport_margin_over_70000MWh,2041,159,DKK2025/MWh,Tabel 10,H20,"NOT refundable, unlike elafgift. Candidate explanation for why real DK2 power-to-heat runs at only 1.4% of production."
el_transport_margin_over_70000MWh,2042,159,DKK2025/MWh,Tabel 10,H21,"NOT refundable, unlike elafgift. Candidate explanation for why real DK2 power-to-heat runs at only 1.4% of production."
el_transport_margin_over_70000MWh,2043,159,DKK2025/MWh,Tabel 10,H22,"NOT refundable, unlike elafgift. Candidate explanation for why real DK2 power-to-heat runs at only 1.4% of production."
el_transport_margin_over_70000MWh,2044,160,DKK2025/MWh,Tabel 10,H23,"NOT refundable, unlike elafgift. Candidate explanation for why real DK2 power-to-heat runs at only 1.4% of production."
el_transport_margin_over_70000MWh,2045,160,DKK2025/MWh,Tabel 10,H24,"NOT refundable, unlike elafgift. Candidate explanation for why real DK2 power-to-heat runs at only 1.4% of production."
el_transport_margin_over_70000MWh,2046,160,DKK2025/MWh,Tabel 10,H25,"NOT refundable, unlike elafgift. Candidate explanation for why real DK2 power-to-heat runs at only 1.4% of production."
el_transport_margin_over_70000MWh,2047,160,DKK2025/MWh,Tabel 10,H26,"NOT refundable, unlike elafgift. Candidate explanation for why real DK2 power-to-heat runs at only 1.4% of production."
el_transport_margin_over_70000MWh,2048,160,DKK2025/MWh,Tabel 10,H27,"NOT refundable, unlike elafgift. Candidate explanation for why real DK2 power-to-heat runs at only 1.4% of production."
el_transport_margin_over_70000MWh,2049,161,DKK2025/MWh,Tabel 10,H28,"NOT refundable, unlike elafgift. Candidate explanation for why real DK2 power-to-heat runs at only 1.4% of production."
el_transport_margin_over_70000MWh,2050,161,DKK2025/MWh,Tabel 10,H29,"NOT refundable, unlike elafgift. Candidate explanation for why real DK2 power-to-heat runs at only 1.4% of production."
co2_price_soeb_central,2025,500,DKK2025/ton,Tabel 15,B4,"Faktorpris. Forecast, not observed. Prefer ICAP observed prices for a historical backtest; use this only as a cross-check."
co2_price_soeb_central,2026,519,DKK2025/ton,Tabel 15,B5,"Faktorpris. Forecast, not observed. Prefer ICAP observed prices for a historical backtest; use this only as a cross-check."
co2_price_soeb_central,2027,540,DKK2025/ton,Tabel 15,B6,"Faktorpris. Forecast, not observed. Prefer ICAP observed prices for a historical backtest; use this only as a cross-check."
co2_price_soeb_central,2028,562,DKK2025/ton,Tabel 15,B7,"Faktorpris. Forecast, not observed. Prefer ICAP observed prices for a historical backtest; use this only as a cross-check."
co2_price_soeb_central,2029,586,DKK2025/ton,Tabel 15,B8,"Faktorpris. Forecast, not observed. Prefer ICAP observed prices for a historical backtest; use this only as a cross-check."
co2_price_soeb_central,2030,612,DKK2025/ton,Tabel 15,B9,"Faktorpris. Forecast, not observed. Prefer ICAP observed prices for a historical backtest; use this only as a cross-check."
co2_price_soeb_central,2031,640,DKK2025/ton,Tabel 15,B10,"Faktorpris. Forecast, not observed. Prefer ICAP observed prices for a historical backtest; use this only as a cross-check."
co2_price_soeb_central,2032,669,DKK2025/ton,Tabel 15,B11,"Faktorpris. Forecast, not observed. Prefer ICAP observed prices for a historical backtest; use this only as a cross-check."
co2_price_soeb_central,2033,700,DKK2025/ton,Tabel 15,B12,"Faktorpris. Forecast, not observed. Prefer ICAP observed prices for a historical backtest; use this only as a cross-check."
co2_price_soeb_central,2034,733,DKK2025/ton,Tabel 15,B13,"Faktorpris. Forecast, not observed. Prefer ICAP observed prices for a historical backtest; use this only as a cross-check."
co2_price_soeb_central,2035,768,DKK2025/ton,Tabel 15,B14,"Faktorpris. Forecast, not observed. Prefer ICAP observed prices for a historical backtest; use this only as a cross-check."
co2_price_soeb_central,2036,805,DKK2025/ton,Tabel 15,B15,"Faktorpris. Forecast, not observed. Prefer ICAP observed prices for a historical backtest; use this only as a cross-check."
co2_price_soeb_central,2037,844,DKK2025/ton,Tabel 15,B16,"Faktorpris. Forecast, not observed. Prefer ICAP observed prices for a historical backtest; use this only as a cross-check."
co2_price_soeb_central,2038,886,DKK2025/ton,Tabel 15,B17,"Faktorpris. Forecast, not observed. Prefer ICAP observed prices for a historical backtest; use this only as a cross-check."
co2_price_soeb_central,2039,931,DKK2025/ton,Tabel 15,B18,"Faktorpris. Forecast, not observed. Prefer ICAP observed prices for a historical backtest; use this only as a cross-check."
co2_price_soeb_central,2040,978,DKK2025/ton,Tabel 15,B19,"Faktorpris. Forecast, not observed. Prefer ICAP observed prices for a historical backtest; use this only as a cross-check."
co2_price_soeb_central,2041,1028,DKK2025/ton,Tabel 15,B20,"Faktorpris. Forecast, not observed. Prefer ICAP observed prices for a historical backtest; use this only as a cross-check."
co2_price_soeb_central,2042,1081,DKK2025/ton,Tabel 15,B21,"Faktorpris. Forecast, not observed. Prefer ICAP observed prices for a historical backtest; use this only as a cross-check."
co2_price_soeb_central,2043,1138,DKK2025/ton,Tabel 15,B22,"Faktorpris. Forecast, not observed. Prefer ICAP observed prices for a historical backtest; use this only as a cross-check."
co2_price_soeb_central,2044,1198,DKK2025/ton,Tabel 15,B23,"Faktorpris. Forecast, not observed. Prefer ICAP observed prices for a historical backtest; use this only as a cross-check."
co2_price_soeb_central,2045,1262,DKK2025/ton,Tabel 15,B24,"Faktorpris. Forecast, not observed. Prefer ICAP observed prices for a historical backtest; use this only as a cross-check."
co2_price_soeb_central,2046,1331,DKK2025/ton,Tabel 15,B25,"Faktorpris. Forecast, not observed. Prefer ICAP observed prices for a historical backtest; use this only as a cross-check."
co2_price_soeb_central,2047,1403,DKK2025/ton,Tabel 15,B26,"Faktorpris. Forecast, not observed. Prefer ICAP observed prices for a historical backtest; use this only as a cross-check."
co2_price_soeb_central,2048,1481,DKK2025/ton,Tabel 15,B27,"Faktorpris. Forecast, not observed. Prefer ICAP observed prices for a historical backtest; use this only as a cross-check."
co2_price_soeb_central,2049,1564,DKK2025/ton,Tabel 15,B28,"Faktorpris. Forecast, not observed. Prefer ICAP observed prices for a historical backtest; use this only as a cross-check."
co2_price_soeb_central,2050,1652,DKK2025/ton,Tabel 15,B29,"Faktorpris. Forecast, not observed. Prefer ICAP observed prices for a historical backtest; use this only as a cross-check."
